<?xml version="1.0" encoding="UTF-8"?>
<!DOCTYPE JposEntries PUBLIC "-//JavaPOS//DTD//EN"
                             "jpos/res/jcl.dtd">
<JposEntries>
<!--Saved by JavaPOS jpos.config/loader (JCL) version 2.1.0-RC3 on 4/19/05 11:43 AM-->
    
    <JposEntry logicalName="9540-ttyS1">
        <creation factoryClass="Metrologic.JavaPos.MetroSO.MetroScannerServiceFactory" serviceClass="Metrologic.JavaPos.MetroSO.MetroScan"/>
        <vendor name="Metrologic Instruments, Inc" url="http://www.metrologic.com"/>
        <jpos category="Scanner" version="1.7"/>
        <product description="Metrologic bar code scanner" name="MS9540" url="http://www.metrologic.com/corporate/products.htm"/>

        <!--Other non JavaPOS required property (mostly vendor properties and bus specific properties i.e. RS232 )-->
        <prop name="portName" type="String" value="/dev/ttyS1"/>
        <prop name="dataBits" type="String" value="8"/>
        <prop name="HasScale" type="String" value="0"/>
        <prop name="parity" type="String" value="None"/>
        <prop name="flowControl" type="String" value="None"/>
        <prop name="stopBits" type="String" value="1"/>
        <prop name="deviceBus" type="String" value="RS232"/>
        <prop name="baudRate" type="String" value="19200"/>
</JposEntry>
    
    
    <JposEntry logicalName="9540-ttyS0">
        <creation factoryClass="Metrologic.JavaPos.MetroSO.MetroScannerServiceFactory" serviceClass="Metrologic.JavaPos.MetroSO.MetroScan"/>
        <vendor name="Metrologic Instruments, Inc" url="http://www.metrologic.com"/>
        <jpos category="Scanner" version="1.7"/>
        <product description="Metrologic bar code scanner" name="MS9540" url="http://www.metrologic.com/corporate/products.htm"/>

        <!--Other non JavaPOS required property (mostly vendor properties and bus specific properties i.e. RS232 )-->
        <prop name="portName" type="String" value="/dev/ttyS0"/>
        <prop name="dataBits" type="String" value="8"/>
        <prop name="HasScale" type="String" value="0"/>
        <prop name="parity" type="String" value="None"/>
        <prop name="flowControl" type="String" value="None"/>
        <prop name="stopBits" type="String" value="1"/>
        <prop name="deviceBus" type="String" value="RS232"/>
        <prop name="baudRate" type="String" value="9600"/>
</JposEntry>
    
</JposEntries>
