<?xml version="1.0" encoding="UTF-8"?>
<!DOCTYPE JposEntries PUBLIC "-//JavaPOS//DTD//EN"
                             "jpos/res/jcl.dtd">
<JposEntries>

<!--The following entry can be used for a single-cable Stratos configured for pounds.-->
    <JposEntry logicalName="MetroScalePounds">
        <creation factoryClass="Metrologic.JavaPos.MetroSO.MetroScaleServiceFactory" serviceClass="Metrologic.JavaPos.MetroSO.MetroScale"/>
        <vendor name="Metrologic Instruments, Inc" url="http://www.metrologic.com"/>
        <jpos category="Scale" version="1.7"/>
        <product description="Metrologic bar code scanner/scale" name="MS2020" url="http://www.metrologic.com/corporate/products.htm"/>

        <!--Other non JavaPOS required property (mostly vendor properties and bus specific properties i.e. RS232 )-->
        <prop name="portName" type="String" value="COM2"/>
        <prop name="dataBits" type="String" value="8"/>
        <prop name="parity" type="String" value="None"/>
        <prop name="flowControl" type="String" value="None"/>
        <prop name="HasScaleDisplay" type="String" value="Yes"/>
        <prop name="stopBits" type="String" value="1"/>
        <prop name="deviceBus" type="String" value="RS232"/>
        <prop name="UsesKilograms" type="String" value="0"/>
        <prop name="baudRate" type="String" value="9600"/>
</JposEntry>

<!--The following entry can be used for a single-cable Stratos configured for kilograms.-->
    <JposEntry logicalName="MetroScalePounds">
        <creation factoryClass="Metrologic.JavaPos.MetroSO.MetroScaleServiceFactory" serviceClass="Metrologic.JavaPos.MetroSO.MetroScale"/>
        <vendor name="Metrologic Instruments, Inc" url="http://www.metrologic.com"/>
        <jpos category="Scale" version="1.7"/>
        <product description="Metrologic bar code scanner/scale" name="MS2020" url="http://www.metrologic.com/corporate/products.htm"/>

        <!--Other non JavaPOS required property (mostly vendor properties and bus specific properties i.e. RS232 )-->
        <prop name="portName" type="String" value="COM2"/>
        <prop name="dataBits" type="String" value="8"/>
        <prop name="parity" type="String" value="None"/>
        <prop name="flowControl" type="String" value="None"/>
        <prop name="HasScaleDisplay" type="String" value="Yes"/>
        <prop name="stopBits" type="String" value="1"/>
        <prop name="deviceBus" type="String" value="RS232"/>
        <prop name="UsesKilograms" type="String" value="1"/>
        <prop name="baudRate" type="String" value="9600"/>
</JposEntry>

    
<!--The following entry can be used with a single-cable Stratos.-->
    <JposEntry logicalName="MetroScanner">
        <creation factoryClass="Metrologic.JavaPos.MetroSO.MetroScannerServiceFactory" serviceClass="Metrologic.JavaPos.MetroSO.MetroScan"/>
        <vendor name="Metrologic Instruments, Inc" url="http://www.metrologic.com"/>
        <jpos category="Scanner" version="1.7"/>
        <product description="Metrologic bar code scanner" name="MS2020" url="http://www.metrologic.com/corporate/products.htm"/>

        <!--Other non JavaPOS required property (mostly vendor properties and bus specific properties i.e. RS232 )-->
        <prop name="portName" type="String" value="COM2"/>
        <prop name="dataBits" type="String" value="8"/>
        <prop name="HasScale" type="String" value="1"/>
        <prop name="parity" type="String" value="None"/>
        <prop name="flowControl" type="String" value="None"/>
        <prop name="stopBits" type="String" value="1"/>
        <prop name="deviceBus" type="String" value="RS232"/>
        <prop name="baudRate" type="String" value="9600"/>
</JposEntry>

<!--The following entry can be used with any Metrologic scanner that does not have a scale.-->
    <JposEntry logicalName="MetroScanner2">
        <creation factoryClass="Metrologic.JavaPos.MetroSO.MetroScannerServiceFactory" serviceClass="Metrologic.JavaPos.MetroSO.MetroScan"/>
        <vendor name="Metrologic Instruments, Inc" url="http://www.metrologic.com"/>
        <jpos category="Scanner" version="1.7"/>
        <product description="Metrologic bar code scanner" name="MS2020" url="http://www.metrologic.com/corporate/products.htm"/>

        <!--Other non JavaPOS required property (mostly vendor properties and bus specific properties i.e. RS232 )-->
        <prop name="portName" type="String" value="COM2"/>
        <prop name="dataBits" type="String" value="8"/>
        <prop name="HasScale" type="String" value="0"/>
        <prop name="parity" type="String" value="None"/>
        <prop name="flowControl" type="String" value="None"/>
        <prop name="stopBits" type="String" value="1"/>
        <prop name="deviceBus" type="String" value="RS232"/>
        <prop name="baudRate" type="String" value="9600"/>
</JposEntry>

    
</JposEntries>
